[
    {
        "title":"How the World Really Works Summary",
        "author":"Niklas Göke",
        "summary":" How the World Really Works breaks down the physical underpinnings that keep everyday life going, from explaining energy to food production to the material constituents of our cities, and even globalization, risks, climate change, and what it’ll take for humans to have a good future."
    },
    {
        "title":"The God Delusion Summary",
        "author":"Kalyani",
        "summary":"The God Delusion makes the case for science as our fundamental source of hope, optimism, and inspiration in life, arguing that religion is an outdated by-product of evolution, that God doesn’t exist, and that we can be just as happy, moral, and fulfilled without it."

    },
    {
        "title":"Starry Messenger Summary",
        "author":"Pravin",
        "summary":"Starry Messenger looks at the big, human debates of our time — from gender and race to beauty and truth to religion, politics, and war — from a cosmic, scientific angle, bringing the context of the universe to our greatest problems, thus showing us how, with perspective, insight, and empathy, we can solve them together."

    },
    {
        "title":"What’s Our Problem? Summary",
        "author":"Rushikesh",
        "summary":"What’s Our Problem? explains what’s going on in our modern times, why everyone seems to be acting crazy, and how societies function, fall, and thrive, using plenty of original frameworks to give us new, better ways of thinking and communicating in our complicated world."

    },
    {
        "title":"A Walk Around the Block Summary",
        "author":"Rani",
        "summary":"A Walk Around the Block is a beautiful, local-neighborhood exploration of where “the things that sustain us,” aka our infrastructure, comes from, shedding light on 26 everyday wonders we now take for granted but that took decades, sometimes millennia, to reach the masses and change history."
    }
]